Date,VisitCount
2025-01-01,69
2025-01-02,265
2025-01-03,227
2025-01-04,70
2025-01-05,55
2025-01-06,218
2025-01-07,316
2025-01-08,365
2025-01-09,267
2025-01-10,276
2025-01-11,86
2025-01-12,67
2025-01-13,229
2025-01-14,251
2025-01-15,300
2025-01-16,287
2025-01-17,181
2025-01-18,57
2025-01-19,64
2025-01-20,253
2025-01-21,246
2025-01-22,343
2025-01-23,332
2025-01-24,299
2025-01-25,69
2025-01-26,59
2025-01-27,206
2025-01-28,212
2025-01-29,246
2025-01-30,261
2025-01-31,193
2025-02-01,58
2025-02-02,71
2025-02-03,187
2025-02-04,243
2025-02-05,238
2025-02-06,295
2025-02-07,237
2025-02-08,68
2025-02-09,51
2025-02-10,215
2025-02-11,274
2025-02-12,56
2025-02-13,346
2025-02-14,2
2025-02-19,116
2025-02-20,387
2025-02-21,287
2025-02-22,65
2025-02-23,61
2025-02-24,274
2025-02-25,257
2025-02-26,324
2025-02-27,290
2025-02-28,269
2025-03-01,79
2025-03-02,65
2025-03-03,256
2025-03-04,275
2025-03-05,421
2025-03-06,304
2025-03-07,193
2025-03-08,80
2025-03-09,51
2025-03-10,251
2025-03-11,280
2025-03-12,300
2025-03-13,344
2025-03-14,317
2025-03-15,58
2025-03-16,66
2025-03-17,214
2025-03-18,284
2025-03-19,338
2025-03-20,298
2025-03-21,232
2025-03-22,75
2025-03-23,58
2025-03-24,260
2025-03-25,288
2025-03-26,306
2025-03-27,278
2025-03-28,241
2025-03-29,68
2025-03-30,73
2025-03-31,202
2025-04-01,275
2025-04-02,377
2025-04-03,308
2025-04-04,298
2025-04-05,50
2025-04-06,62
2025-04-07,47
2025-04-08,314
2025-04-09,316
2025-04-10,322
2025-04-11,176
2025-04-12,60
2025-04-13,57
2025-04-14,84
2025-04-15,63
2025-04-16,81
2025-04-17,328
2025-04-18,261
2025-04-19,64
2025-04-20,67
2025-04-21,258
2025-04-22,371
2025-04-23,352
2025-04-24,322
2025-04-25,423
2025-04-26,44
2025-04-27,66
2025-04-28,476
2025-04-29,230
2025-04-30,279
